,Stock Code,Monthly Average Return,Volatility,Return/ Volatility Ratio
1076,VG160283,0.048191921056814135,1.716334713206594e-05,2807.839326792973
547,UG200180,0.030973792309320423,2.7858674271924763e-05,1111.818602959689
204,UI140168,0.04493609212718648,6.0273281641382935e-05,745.5391660030981
788,VI140343,0.04493181808683009,7.824451949800977e-05,574.2487572944067
766,PJ130058,0.04098826212372608,7.731678027947239e-05,530.1341051136408
1017,VG200128,0.03950876056896038,0.00015643503962439438,252.55697613413338
52,VG160292,0.04817930504226839,0.00021046268510769398,228.920889314013
381,VG170002,0.04824254880183024,0.00022519689468113987,214.22386338913637
676,VH150197,0.04793265071225153,0.0002321990329617116,206.42915735206947
122,PL120034,0.04634853769984208,0.0002922690193977629,158.5817675624529
572,VR060698,0.08868251767454398,0.0007195738882526154,123.24310139977018
669,VQ061773,0.09014065392082496,0.000732043790847596,123.13560342675089
1027,VP070896,0.0920869286295338,0.0007539389951706618,122.1410873020157
784,VQ070343,0.09160515876632609,0.0007519755037856835,121.81933893478794
648,VI140368,0.04509066984870223,0.00037412796316801873,120.52205204573889
882,VJ130289,0.052015273757949426,0.0005358022563570071,97.07923611895254
611,VN090912,0.05053454207352542,0.0005223121648938939,96.75160846347768
339,VK120388,0.03847495902043593,0.0004070683711625477,94.51719108157478
324,VK120382,0.03847495902043593,0.0004070683711625477,94.51719108157478
77,VE180327,0.050537363137523696,0.0005350822208104409,94.44784590483926
299,PZ150002,0.07529059816345504,0.0008164320001952029,92.2190680245919
414,VE180328,0.05060988472534771,0.0005869490787071601,86.22534145010208
734,PZ140059,0.07505392436533484,0.0008957027603293979,83.79333824731486
224,VL110425,0.04069473302717034,0.0005254345035400847,77.44967784375011
692,PZ150006,0.07578394505556457,0.0010409487472004474,72.80276311334227
701,VE200126,0.034394285670338774,0.0004885460908722025,70.40131179626178
337,VQ062353,0.0814805472413966,0.0012654147925640305,64.39038623556603
471,PM100046,0.04446327375831651,0.0007176646909095312,61.95549860752666
228,DI140013,0.05106015328323186,0.0008496395523828036,60.09625274627846
941,VL110444,0.04948108563586964,0.0008365041159294947,59.15223212128246
1085,VJ130383,0.06608583919011958,0.0011415272336056117,57.89247706459161
1005,DR052766,0.06323490339910516,0.001124818151252759,56.2178902684649
62,VK130164,0.048982728231698455,0.0009019655403564276,54.30665146291738
592,VS050521,0.21509592433759347,0.004057651950006497,53.00994934699835
698,PZ150009,0.07616953736782503,0.0014878099582046353,51.19574374924877
933,DP080045,0.059909208766128354,0.0011999857725347436,49.924932559476474
887,VI140411,0.049874367415084296,0.0010212858205597213,48.834876986493725
718,VG180203,0.06372824964202559,0.0013117257966803282,48.58351478891923
1019,VJ130296,0.04034570843589526,0.0008315787004360215,48.51700556392414
1078,UF180003,0.049578462786981116,0.0010315645955036893,48.06142339808889
967,PZ100010,0.06361814293063585,0.0015476050317053429,41.10748002707997
823,VF180049,0.05030364339068529,0.0012274709982457719,40.98153313811589
574,VK130057,0.04557668814091545,0.0011722538774724765,38.87953711800416
746,VK130025,0.04582984217965643,0.0011792598310552082,38.86322672302646
961,VI150052,0.04148819988887656,0.0010800371334839783,38.413679125127985
1,VK130044,0.048877983518168654,0.001370476149240329,35.664964724313
45,VE200072,0.03810789181412024,0.0011053728744849925,34.47514652634768
402,VE200079,0.03277591363965256,0.0009774294913232496,33.53276520772904
787,PZ150014,0.07673453885119824,0.002319921780093999,33.07634744827004
410,UI150042,0.07079036410396108,0.0021565443228601447,32.82583314127041
749,VN120071,0.054874852579062994,0.0017363274110265155,31.603977585437658
656,VG200087,0.040721221077601386,0.0013519059370266733,30.121341997478
745,VG200086,0.04120974945655483,0.0013814831984390505,29.83007647369007
395,VL120063,0.050994777261214264,0.0017196693768358879,29.653826455316832
84,VE200090,0.030351568349218892,0.0010289870567830287,29.49655017440982
739,VZ190190,0.06185851222629751,0.0021226619835216787,29.141951335873518
1044,PI140058,0.04379589788293471,0.0015116948598639089,28.971387709076062
704,VI150028,0.04635114571204317,0.0016217019280408045,28.581791086627423
53,VJ140096,0.0482715317241775,0.00171024625324427,28.224901316174964
709,PL120033,0.04784193188067008,0.0017037926455446785,28.079668031068238
712,VE200148,0.031124353499583035,0.0011222702353136632,27.733385881773916
239,VR062354,0.08337229334767654,0.003032832455758747,27.489910690374305
1040,VF180177,0.051822245491595226,0.0019052729000127147,27.199382036688494
903,VK130153,0.044088092314778206,0.0016602272622704838,26.555456181634117
659,VP080396,0.05765548823167651,0.002193113049770985,26.289337085335003
785,PL120012,0.04590223683220325,0.0017525585396670246,26.19155696843336
60,VG170170,0.049240034301614596,0.0019263347504969194,25.561514834798356
1109,VR062348,0.07858217739765126,0.0030802138548663457,25.511922580797897
210,VE200125,0.03248590165940995,0.0012924290810595817,25.135539067858787
653,VR060855,0.19251017951654328,0.00771544971372141,24.951258404831133
831,VF200127,0.03669999196699032,0.0014878927180911002,24.66575144885094
185,VL120007,0.042912693197923436,0.0017670841173851796,24.284465451154045
342,VG170167,0.04577034595784664,0.0018867766317865972,24.258486768784334
682,VZ190191,0.06753461266404069,0.0028074361753619046,24.05561816746728
358,VH200129,0.0409040845016577,0.001759648394524923,23.245601012639316
126,UH160157,0.04924713291760892,0.002120851214669368,23.220456285183747
542,UH160158,0.04924630831876621,0.002123271802945545,23.193595963761414
108,VG160329,0.042737265390402665,0.0018772282504902905,22.766152906148008
968,UG170114,0.04775796460394223,0.002142695395433339,22.28873254953892
576,VI190060,0.060878286587026556,0.0028676133834581643,21.229600523628157
528,DJ140039,0.053014733272380515,0.002520186775883938,21.036033432000675
762,VM110205,0.055866643551649255,0.0026706166098958775,20.919005500316796
257,VG170181,0.047184957832897195,0.0022646726951762747,20.83522176665996
654,VG190030,0.06087880001643301,0.002974580625562268,20.466347253547866
290,PI140054,0.04896382023094155,0.0024842269758319057,19.709881869608466
1096,VK130093,0.040367093504843854,0.0020558401585384755,19.635326869741355
473,VK130165,0.050554617665197865,0.002603160858235739,19.420473961590158
437,VI200130,0.04248229888204307,0.0022404650179005383,18.961375670954126
923,VJ140412,0.05184642796616267,0.002760572076897161,18.781044842139107
644,VG200194,0.04014665308921317,0.0021530334231554477,18.646553582236056
756,VG200124,0.04921218872934559,0.0026473284996094137,18.58937745603024
439,PI150010,0.04938885639420896,0.0026713798001863375,18.488144737324106
619,VP080766,0.09457545338682977,0.005314028586576996,17.797317392255515
3,VQ070897,0.09410420292028376,0.005308148666566825,17.72825307493657
670,VQ070344,0.0936376567819259,0.0053029081146434,17.65779356488485
925,VR061775,0.0922328146809954,0.0052874189479620495,17.443825728344272
924,VE190114,0.055714867085320766,0.003195138261308294,17.437388472355977
716,VM110102,0.0447833981440167,0.0025928328062268086,17.27199611038062
642,VR060697,0.090823848745887,0.005274959010904664,17.217925022380516
38,VI200173,0.04289625058170842,0.0025828441022990836,16.6081454717011
170,DN100015,0.05828490207301406,0.0035799660336367253,16.280853372735795
448,VT050520,0.20134312754039643,0.012387506649431852,16.253725082733332
502,VI150160,0.053928871063913315,0.0033383804870858185,16.15420149756195
598,PJ140034,0.04686339235587197,0.0029239131403324663,16.027628081504268
1108,VH170156,0.06488230706285095,0.0041064168816714675,15.800224120557722
382,VK130202,0.047033805759064684,0.002987536388034088,15.743341553076348
973,VI150069,0.04323044891399176,0.002757603878415569,15.676816112845982
710,VS060854,0.17722441193269123,0.011363930654827985,15.59534436769879
192,VL130043,0.05115287534668062,0.0033380268350227645,15.324285236410262
260,VI200183,0.04619803572294431,0.0030323064774557358,15.235279173267104
154,UE190219,0.04005017629488157,0.0026791645888188053,14.948755467292496
183,VM120064,0.05345791715216617,0.003644465455896256,14.668246358510116
713,VG200169,0.040991946850964946,0.0028265408424272298,14.502513544351977
1032,VI150054,0.04765515838538787,0.0032885719640023863,14.491140503244067
369,VQ080767,0.09474890617557742,0.006616938445695783,14.319145773104498
630,VQ070898,0.09429896561722197,0.006621064450677252,14.242266680786708
301,VR070345,0.09384844251912591,0.006619661070310551,14.17722773451952
147,VG170222,0.05179627933594616,0.0036716765082188897,14.106983341261797
539,VK200132,0.042477258063375906,0.003037204990381733,13.9856408105128
679,VR061774,0.0924937638371611,0.006618391890061326,13.9752624766836
308,VS060699,0.09109808334224782,0.0066024922885716585,13.797529684348243
182,VR062355,0.08560334102006331,0.006218098737394948,13.766803107395903
647,VL130026,0.048289841272878505,0.0036439352474028105,13.252112892866785
615,VL120296,0.05032747843712023,0.003817924555055373,13.181894432796174
922,VK200170,0.04589396558570511,0.0034892790581260505,13.152850437348766
59,VG170229,0.04440229335995731,0.003420404633442231,12.981590811164255
78,VL120319,0.04852700304050801,0.003937851202304844,12.32321907239789
907,VU050519,0.1776491852996158,0.014458443565629255,12.286881675281084
1014,VG170187,0.048676042912188154,0.004014509603242825,12.125028390234466
97,VI150196,0.05199901198972739,0.004462430813440904,11.65262032368225
360,VH160284,0.05315655745348259,0.004612133491038096,11.525372705879368
868,DS052767,0.06537276729898711,0.005682424515437234,11.504379358034818
800,VI160026,0.054689038889760774,0.00485155116663353,11.272485234389325
457,VI200186,0.06024703281761308,0.0053526038392584605,11.255649516919897
668,VN100268,0.04899134659577176,0.004559732746312335,10.744346066201645
905,UI150076,0.050874596660963785,0.004744451245025151,10.722967532717073
951,VN130233,0.04586239342097754,0.00436429770239644,10.508539185077694
328,VK130288,0.055379020432493195,0.005388580068660545,10.27710820417649
911,VG170397,0.052689051451890914,0.005154833557986433,10.221290534251928
1075,PK130057,0.04512242092762464,0.004425101454565492,10.19692348094543
894,VN200184,0.05419952631206763,0.0054343513300909915,9.973504291479093
1089,VL120332,0.042362751077947264,0.004396756038564073,9.635001511655949
607,VI150261,0.05498142984149567,0.00576573400684806,9.535894263625982
354,VH160240,0.045225455914329124,0.004794356348585753,9.4330610046685
149,PM120032,0.050601806486883345,0.005368591042679747,9.425528240948918
26,VG170322,0.047130980860409885,0.005090316860571494,9.258948342779284
731,DJ140003,0.05575479845191954,0.006036946990956057,9.235595166802977
230,VK130245,0.04631233426157443,0.005079378978097001,9.117715858824427
352,DQ080044,0.06462238559078451,0.0071295374382145445,9.06403622265962
723,VQ080768,0.09465811302691346,0.010453511446751147,9.055149889976187
1060,VS061776,0.09249740448251102,0.01027455265424662,9.002572432609075
568,VM110445,0.05330919962920347,0.0059243077778134276,8.998384558757527
625,VR070899,0.09382183998553273,0.01045758630710019,8.971653422724541
1139,VR070346,0.09340474118963346,0.010456527502662353,8.932673028005858
1116,VN100298,0.04701140268726902,0.005422016925053499,8.670464024197999
425,VE190266,0.05668852302661032,0.006586691262045538,8.606525001902906
1095,VE190261,0.05668852302661032,0.006586691262045538,8.606525001902906
889,VS062356,0.08770745787855093,0.010435297649920551,8.404883197482986
462,VK130386,0.05514135048699739,0.006752557315020536,8.165995179980149
1103,VS062350,0.08340974676019201,0.01022736594937963,8.155545345011486
605,VZ200021,0.06623389075936807,0.008138795764219707,8.138045563269904
172,VJ140413,0.05365559518549148,0.006633517693124161,8.088558389028961
687,VG170386,0.05020433896703017,0.006233274415219118,8.054248156386572
344,VL130042,0.05279424347766015,0.006584990689503027,8.017360383184469
225,VE190222,0.042789822498320425,0.005337822919626655,8.016343581010606
1114,VM110426,0.04483268594131725,0.005749441519254583,7.7977462317296204
919,VL130166,0.052013088294200815,0.006749322637288074,7.706416049344479
791,PN150019,0.05718681371313675,0.007430071520604736,7.696670692139218
617,PN100047,0.04965939571632795,0.006531600175381498,7.602944819479469
243,VG170283,0.048770069786229255,0.006480597248411464,7.525551722595299
580,UG180004,0.05403214620110797,0.007214246543552064,7.489645089742701
227,VK130297,0.04598969339161611,0.0063177320891599645,7.279462430913419
1024,VL130027,0.05084692078241974,0.006994292993328388,7.269772774878152
546,VG180050,0.054963984568351235,0.007672169674805909,7.1640731237792545
438,UG200113,0.03294285211696509,0.0047339375762008775,6.958869141532426
267,VG170392,0.051962348179773334,0.007731297175871195,6.721038785308107
666,VQ080397,0.06276496953199416,0.009420958710554189,6.6622698878490265
768,VQ080387,0.06276496953199416,0.009420958710554189,6.6622698878490265
780,VI150273,0.04594904771944111,0.007126101464678878,6.447992348578172
1119,VL130058,0.04978124672518999,0.007724700008901112,6.444424594848661
981,VG170404,0.0496713919604362,0.007730328952400603,6.425521121583199
870,VF190265,0.05800855927112916,0.009099646238032274,6.37481477342278
595,VJ200131,0.0426625979361699,0.006702628522524102,6.3650548128697215
1041,VK130328,0.047474720818499024,0.007481451741780484,6.345656225164754
743,VF190260,0.058076100410277665,0.009184428870628293,6.323321921083675
380,PZ160007,0.06420158952400838,0.010163793352694139,6.316695676126702
949,VI160019,0.04974425075530385,0.008030511955010363,6.1944059150883435
635,VG200067,0.057683720610810306,0.009343066638193153,6.1739600973204345
326,VM120008,0.04868701604035269,0.007911671649907486,6.153821618838544
1130,VS062357,0.08955305316177177,0.01485708872250194,6.027631310173061
637,VI160176,0.05535688457973299,0.009210037076240175,6.0104953021895335
855,VS070347,0.09411344273777983,0.015799426980050782,5.956763043154197
1018,DK140038,0.05933188918047837,0.009978150357275027,5.9461811113339
518,VR070900,0.09428877227067206,0.015903147830021575,5.928937671866196
445,VK140094,0.051219099978705405,0.0086637211575375,5.911905409622333
165,VR080769,0.09516659768720684,0.016103624700004024,5.909638324294968
566,VN110029,0.0503731550942677,0.0085409003689316,5.897874102068351
703,PM120011,0.05195215802011624,0.008808777659626416,5.897771521493886
1079,VE190267,0.03924997262338415,0.006699976832728279,5.858225125742901
407,VK140095,0.052512908007525574,0.008977984910481168,5.849075102166906
736,VS061777,0.09356304363185043,0.01601461274042872,5.842354426445263
1125,VS062351,0.08555558961638271,0.014805902238412307,5.778478625532054
1110,VN110050,0.055068862363442335,0.00955036307339315,5.766153803813126
359,VG180176,0.05541435055903849,0.009676434521160585,5.726732345251496
1020,VI180185,0.054056890532590246,0.009492100500086614,5.694934491274822
206,VI180370,0.05431923916044215,0.009565610425703457,5.678596215300865
691,VK140108,0.05295020957607675,0.009408766022467749,5.627752826421
259,PM120031,0.05419108599529235,0.009700368076597146,5.586497910943436
879,VI180369,0.05600342423480659,0.01008011589438131,5.555831383448982
519,VI180186,0.05543978250728218,0.010059895793786069,5.510969859302814
564,VM130041,0.05494706478322923,0.009977799115815903,5.506932355065369
319,VI160219,0.05550150596709502,0.010122278592440661,5.483103973105785
43,VN110206,0.06163680044162954,0.011515857324580695,5.352341445744145
621,VF190171,0.05639556666457419,0.01072443529977675,5.258604773880092
721,VN110216,0.05556452464264076,0.010716058235982678,5.185164490434053
188,DZ012851,0.0756777471582819,0.014648448158906549,5.166263780117099
740,VG180085,0.052758813827286706,0.010240537389206501,5.1519575411046645
760,PK140035,0.053734251843854865,0.01062477727709845,5.057447365007665
1021,VK140143,0.05095084195868639,0.010289370221334443,4.951794022635382
296,VL130203,0.05340971927640284,0.010795980864554152,4.947185433771935
944,VJ150284,0.0543975518862409,0.011118665198926047,4.892453447693988
645,VG180096,0.04949546387599218,0.010281033391944788,4.814249889974288
366,VN160177,0.0552492615460006,0.011487308271707674,4.809591615302528
1120,VL130167,0.05399897422038176,0.011344599630831351,4.75988364310611
396,VM130028,0.05470766415992802,0.01153244083205579,4.743806186099092
111,VJ150195,0.055462952906930804,0.01174133987429634,4.723732853381413
1101,VE200062,0.03386611990074133,0.007404661084804187,4.5736218731524705
372,VL130190,0.053743614887772434,0.011772035607632078,4.565362922698707
258,PZ160016,0.06301747663005022,0.01412035018608661,4.462883412915925
491,VN110103,0.05245722151731903,0.011776753250294142,4.454302506168993
1087,VN130285,0.06829669101008333,0.015471097193372777,4.414469779127171
93,VH170188,0.053792839727445876,0.012308793668579562,4.370277151103922
247,VH170221,0.05604572722744273,0.012844344883900764,4.363455492205837
836,DR080043,0.07031413875926616,0.016150880828344906,4.353579195251343
332,VI160431,0.05622309993723631,0.013067484195142084,4.302519069289373
1135,VS070901,0.09761309567752095,0.022712967744511335,4.297681253085453
506,VR080770,0.0979238880501728,0.02280743406021008,4.293507449880612
469,VI160327,0.05861852536592543,0.013690678442836253,4.2816377296917665
896,VS070348,0.09725138473927024,0.022719733427183378,4.280480889045657
776,VG180238,0.053682358246304705,0.012581785258358485,4.266672586121416
242,VN110219,0.05188905574649614,0.012226879232407055,4.2438511708666775
936,PL130056,0.05205969102266733,0.0122745529738708,4.241269815160546
796,VK140166,0.05435001945090031,0.012918416342049254,4.207173542935894
231,VJ140344,0.046621535127331096,0.011170114742385377,4.1737740571656
1015,VM120297,0.054713474910587256,0.013112876028753722,4.172499975643204
620,DK140037,0.06207917972005414,0.014917819594912793,4.1614110778779025
453,PN120030,0.05802984699635302,0.01422285361866086,4.0800424831916935
674,VN110427,0.048655035737946696,0.012000102132010816,4.054551803201506
51,VM120333,0.0503282103174429,0.012442947628398935,4.044717684303133
1104,UK140167,0.05227818560116925,0.01302112610081413,4.014874381556033
523,VM130040,0.0561033549591083,0.013990897559953783,4.009989689274348
690,VI160285,0.06021676191295478,0.01502229355701775,4.008493222715926
858,VG190014,0.057029422487758136,0.014270935724246992,3.996193633670598
464,VK160159,0.060198146087497864,0.015241236298153682,3.949689179400115
452,VK160175,0.06017790386401387,0.015238229410356985,3.949140168680797
373,VO130037,0.05945375795489398,0.015151062574484408,3.924065237181373
596,VM120321,0.055174745765896274,0.014331777203910706,3.8498188313198702
906,PO100048,0.05538827810762996,0.014416843888789298,3.841914259104971
137,VJ150150,0.049598821356906936,0.012947029334222624,3.8309036054937606
696,VH170239,0.05244355775628556,0.013739796987026234,3.81690921676683
892,VI160110,0.05352880278611708,0.014195292949991913,3.7708839806752685
109,VI180137,0.05861002993413712,0.015579943617607356,3.7618897328935255
590,VG180300,0.05399094244782473,0.01446199836609755,3.733297507099203
588,VI170124,0.05709180069074777,0.015296518178360644,3.7323396099063375
861,VL130287,0.06287008380936533,0.016846275543533934,3.7319871473606883
490,VN130038,0.05921573899927947,0.015877812580332364,3.7294645405141775
95,VS080771,0.10107928033944948,0.027315163111591628,3.7004823997025613
180,PK170005,0.0641265078680416,0.017370831098074763,3.691620021286652
67,VK140353,0.05445020902188182,0.014809148570224155,3.6767953784569025
997,VL150209,0.05968243007648288,0.01625504129063406,3.6716258672853144
773,VI160293,0.05623226997310741,0.015329184576775465,3.668314494581943
849,DZ021250,0.0803930209603724,0.021934401107097583,3.6651568724326213
543,VS070902,0.10026648286818876,0.02749161183517234,3.6471663964027523
900,VT070349,0.09993576368969852,0.027511904088814664,3.632455367941209
65,VH170393,0.05471096218695625,0.015113713824649929,3.6199548847963907
431,VK140352,0.060063947903324984,0.016677721669123416,3.601448033188214
942,VG190116,0.05743279565979367,0.016050962393966695,3.578152776769433
675,VN130039,0.05822216992691817,0.016394805878013056,3.5512570481239707
343,VK150194,0.058740462302766284,0.016562591157639497,3.546574430515496
350,VN110446,0.060921623339487925,0.01733060231991528,3.515262898247944
817,VG180272,0.05237950988266217,0.015089962032305743,3.4711492163150655
1050,VN110356,0.04962896777095397,0.014308959851196847,3.4683840256077625
802,VM130029,0.05730654154627004,0.016610921666534332,3.449931478620136
10,VF190264,0.06530301562913997,0.018935391340078715,3.448728069903651
624,VF190259,0.06530301562913997,0.018935391340078715,3.448728069903651
307,DL140036,0.06442983816854835,0.01879103258553499,3.4287545335930774
735,UG180173,0.051653864228134186,0.015076155558280629,3.4261960238108
557,UK160159,0.053126585556299254,0.01556969546642108,3.4121788490260796
255,VG190002,0.0539308485332953,0.015846994199696582,3.4032225830137492
498,VN120009,0.05389236970281579,0.015840269825496626,3.402238111883056
909,VN110401,0.04760722037194617,0.014025799545089174,3.394260713544476
999,VT070903,0.10293534292242763,0.03035745648469906,3.3907762652747175
463,VI160447,0.051482694856826154,0.015201248987330095,3.3867411092164756
686,PK170006,0.06869617902060395,0.020314567450927256,3.381621547519995
875,VS080772,0.10317480860343495,0.030571126257510375,3.3749102906566324
515,PZ180009,0.06688201697391212,0.020149428454593277,3.3193009481450404
33,VJ150285,0.0577970466341559,0.017438372935464578,3.3143600522852403
813,PN120029,0.061277648456510826,0.018503073208592857,3.3117551752458825
253,VO110051,0.06149881735945754,0.018593547747710774,3.3075353985109825
392,VK140367,0.05677177863266582,0.017172092347483146,3.3060489941394158
863,VK140414,0.06073460260738083,0.018404957538793044,3.2999045218858827
1080,VG180363,0.05381234355192625,0.016328776552300115,3.2955526937103015
1011,VM120384,0.04793436747069825,0.014717699518242828,3.256919833923965
872,VM120389,0.04793436747069825,0.014717699518242828,3.256919833923965
70,VL140093,0.057666976408863625,0.01785164477592702,3.2303452781352484
579,VI160252,0.052656459759087865,0.016369996655468975,3.216644503192132
643,UH180005,0.06073884554996494,0.018897932694028997,3.2140470882910925
379,PN120010,0.05772997690798253,0.01816827956754199,3.1775147830242734
194,VT070904,0.10350030821195544,0.03257338230929361,3.1774504480127463
665,VT080773,0.10396676383751254,0.03277151745597112,3.1724732910886098
1047,VM130168,0.057423990419843314,0.018104865475578873,3.1717435568522103
570,VP120266,0.06230192917308735,0.019646591247126803,3.171131744403683
1026,VM150208,0.062042758494641546,0.019596248697327956,3.1660528222986564
525,UK170029,0.054687972798901315,0.017396316380313852,3.1436524608616407
608,VI180275,0.061203988257215826,0.019508138700693737,3.1373566282384147
235,VH180051,0.06187436576979003,0.01982460939939252,3.1210887701871206
85,VR080388,0.07056409452248438,0.02269758409736312,3.1088812897352422
867,VR080398,0.07056409452248438,0.02269758409736312,3.1088812897352422
492,VN120027,0.053094605162367026,0.0173404969353893,3.0618848675558463
142,VN110485,0.05016090067913575,0.016383944027692866,3.061588869832049
361,VG200001,0.05818505591833341,0.019089657807605555,3.0479884188993562
300,VI200084,0.06339877191121508,0.020850520425140753,3.0406325894279016
1034,VN130030,0.06033066212845621,0.019993648141334575,3.017491440380482
102,PZ140060,0.09184067184165487,0.03050203958703634,3.0109682199969354
832,VM130204,0.058978577698483324,0.019591159804754586,3.010468919975314
794,VG180305,0.05677321487543257,0.01891122688851796,3.0020905153384145
589,PL140036,0.05897553764751843,0.019875060236953138,2.9673136556269086
599,VG190077,0.053589204871549376,0.018072347020991395,2.965259841973178
663,VJ160286,0.06599751501091554,0.022373957560308928,2.9497470366169893
650,VO110428,0.05222584531149816,0.017716279491380316,2.947901411067044
124,DL140035,0.0671650630780125,0.02302103400346494,2.9175519686866958
527,VI170242,0.06289425919449126,0.021571436745594443,2.915626804845821
839,VT080774,0.10403598503686638,0.03584374697455176,2.9024863140209516
282,VG190258,0.06784007426009585,0.023411262225785535,2.8977538077966476
158,VG190263,0.06784328043100502,0.023412848962398036,2.897694361756829
1058,VP120265,0.057390701185042976,0.019970891133255963,2.873717592374971
534,PN170026,0.06534007639596813,0.022789377919649103,2.867128564296247
317,VO110207,0.07055322606497387,0.024630781495124064,2.864433111021697
1051,VJ160058,0.051416075539415504,0.01800662093145831,2.8553983412617687
948,VM130059,0.05730888735495825,0.020089491954563034,2.8526797733150926
306,VL130298,0.05106824642918679,0.017926993080942238,2.8486788720566993
1100,VL140150,0.05870002021715047,0.020721502124029633,2.8328071906080186
978,VK150063,0.051873824414551885,0.018373880467721048,2.823237285432602
812,PO120028,0.06298730891764417,0.022326737410769237,2.8211604659829264
88,VG190104,0.05427142879853028,0.019242255540191162,2.820429688462142
49,PL150011,0.06338945593561546,0.022625990372032355,2.8016212724093705
513,VM130384,0.08403478174900424,0.030459745571539194,2.7588799634467134
94,VG190097,0.053707967317007,0.019487470032403073,2.75602565277603
801,VK150070,0.05068695886592971,0.018444479379572363,2.7480829262151225
23,VI170157,0.06732320577309388,0.024531432831118367,2.7443650045460743
1082,VP120268,0.06959187917290212,0.02552398591818824,2.72652866194035
702,VG190185,0.06361560221300797,0.02343993686701968,2.713983513433264
1016,PP100049,0.06053964899675321,0.022322507241063338,2.712045217097638
92,PN110033,0.058894574964754365,0.021793352232866294,2.702410089804182
116,VH180175,0.06321700806398844,0.023526440843033385,2.687062122391036
634,PM130055,0.05743963132014475,0.021377261662499796,2.686949910937654
1068,VN120176,0.04933087709526167,0.018419103041680734,2.678245351232926
403,UK170144,0.05758009476596628,0.021594633962841222,2.6664075374024274
1000,VG190170,0.06527500060721984,0.024609464361839674,2.6524348375675184
891,VN120334,0.05773244356187312,0.021884258094591137,2.6380809124227125
90,VU080775,0.10502779543957487,0.039835093858927154,2.6365645280395857
764,VP120267,0.06773565665542397,0.025807431069789742,2.624657079282701
58,VG190111,0.05295922555831538,0.020287791273155616,2.6103987785200613
313,VI170151,0.06096269672632258,0.023415747278658125,2.6034914026376588
939,UJ180024,0.06469289587360048,0.024919469595162256,2.596078364611727
545,PN180002,0.06725297772065554,0.026035018316341297,2.5831738201022554
61,VJ160428,0.07427390752863405,0.028754516220504747,2.5830345034867803
928,DM140034,0.06952284010583086,0.026960866647327063,2.578657467330467
632,VL140405,0.06456461424153634,0.025053324891212692,2.5770876529119695
816,VK150151,0.05345604418528049,0.02086766285086187,2.561668959639755
1052,VN130031,0.06196872008623746,0.024227565295807288,2.5577774460466105
276,VI170394,0.0596145255029349,0.023418432521668257,2.5456240697482917
818,VG190344,0.07034447815720399,0.02765117218900769,2.543996242776586
406,VN120191,0.0493146202860351,0.01943271943807391,2.5377107122441407
1073,VH180339,0.0641394953847526,0.025361956965164308,2.5289647590227693
783,VM130286,0.07314710937214865,0.028957288777707778,2.5260344617780506
311,VP100408,0.05898786087742404,0.023384486485198332,2.5225211130790304
992,VI170341,0.06061244147560872,0.024115957173020196,2.513374901138864
465,VK150133,0.05174327224114685,0.020590245307066525,2.51299930959971
1030,VK150286,0.06261878325397637,0.024924353740912262,2.5123533354122762
1115,UO150029,0.06444954454951946,0.0256694838508721,2.510745635710546
184,VM130169,0.06277410472302264,0.02502739508208528,2.5082156779455094
1006,VI170256,0.053772503999146605,0.02150249392897442,2.5007566181283107
152,VN120219,0.0619413318765431,0.024909342730463732,2.48667066597425
940,VI170220,0.06597503041113383,0.02663768957962606,2.476754983344917
1142,VM130189,0.06307067008792339,0.025529198821253235,2.470530725602584
658,VI170168,0.06050056941234884,0.02450839332258179,2.4685653039770754
429,VP110052,0.06568080730925661,0.026626264050778965,2.4667676690953226
1099,PO120027,0.06475373883521092,0.026338775506412476,2.458494656270026
349,VI170180,0.061781467028765524,0.025147010031772544,2.4568116428436766
847,PO120009,0.06272942616184865,0.025659403481672408,2.4446954196208823
265,VS080389,0.07559621827795503,0.030995244872784624,2.4389618016643673
805,VS080399,0.07559621827795503,0.030995244872784624,2.4389618016643673
893,VI170189,0.06340959417558348,0.02608061825132962,2.43129183382571
353,VI180239,0.0684146310203678,0.0283549640924269,2.4127920175585804
707,VO120010,0.058787599353549796,0.02438981226852731,2.4103342291572085
229,VG190257,0.07634287223983031,0.03172561767637371,2.4063478611697255
127,VG190262,0.07634287223983031,0.03172561767637371,2.4063478611697255
248,VM140092,0.06261208017280703,0.026145769751213695,2.3947308022897493
475,VN120298,0.06510802995265579,0.027206473336475856,2.3931080352617817
510,VL200092,0.041009476621308584,0.017156730114859107,2.390285115331568
638,VO110447,0.06864844493332922,0.02887072419330565,2.37778742485604
786,VN120281,0.048761995890107934,0.020632426919533667,2.363366950493968
597,VI180052,0.07210665641292417,0.030518028093639165,2.3627560795106968
21,VN120390,0.05226521788960051,0.02216127435899067,2.358403088331285
790,VN120322,0.0636503771349309,0.027145302835313655,2.344802617273709
711,UI180006,0.07115494925775247,0.030352741980378052,2.3442675888640165
976,VI180294,0.06745646705376644,0.02907642749923825,2.319970947446473
520,PO110034,0.06867834131532916,0.029928519825115324,2.2947456712408436
695,VL140406,0.06732103208502087,0.029367653432748317,2.292353123792661
956,VN150207,0.07103164348139787,0.031099886330206553,2.2839840225527315
250,VN180276,0.09676009036774144,0.042394208276527894,2.282389371128177
14,PM140037,0.06417096681473607,0.02816312138587582,2.2785459727812225
657,VN130205,0.06416629397544187,0.028165879076320878,2.278156978575777
797,VK150137,0.052134855409856524,0.022931116408790767,2.2735419628269975
553,VN130170,0.0669194824683174,0.02959484729332521,2.2611869493717696
246,VK150287,0.06726244362789423,0.02982864991727312,2.2549610463242593
708,VI180301,0.06721198263226383,0.029894044669756585,2.248340208719274
134,VG190193,0.06246655849146961,0.027900702862914968,2.2388883462322684
22,PY130067,0.1285394718095187,0.0574551371058596,2.2372146040255383
629,VP110030,0.06082595609388945,0.027199696323520425,2.2362733528495813
517,VJ170219,0.07469004265095226,0.03346626172047579,2.231801187560019
799,PP110035,0.07473444530271811,0.033523270965071295,2.2293303472857926
840,VI170384,0.06658957206880389,0.029882649244477966,2.2283690955248563
426,VI180174,0.07085474510549374,0.0320089176732463,2.2135939061980707
284,VI180097,0.057358079526112146,0.025943621416703498,2.21087405666438
39,VI170342,0.06471572597135,0.029464613703678935,2.1963880681479844
1111,VO120299,0.07286680682451119,0.03337046182564556,2.18357202262368
593,VI170323,0.06195627094238839,0.028412228173261053,2.1806199276090523
404,VH190343,0.08036260481801273,0.036904033588483584,2.1776103315462785
748,VL140351,0.06767005488508523,0.031145869734879487,2.172681497132932
719,VI170141,0.05675297987408033,0.026144910703673235,2.170708499153788
567,VO130032,0.06436716493382943,0.029806346398340646,2.1595120741605833
865,VJ170190,0.07199823495835986,0.03335071393179433,2.1588214005134554
175,VN130060,0.0674644960279262,0.03130913875815172,2.154786068983165
677,VL150288,0.07079862309884638,0.0328713162754271,2.153811624263181
869,VN130188,0.07179791522588615,0.03337264286620883,2.1514003405041824
929,UZ170177,0.06335311743220604,0.029453388264060937,2.1509619492406444
442,VP110429,0.05681210877496686,0.026600160396316016,2.1357806843463636
947,UJ180007,0.07698638405993788,0.03618811234403528,2.1273943036331704
966,PP120026,0.06904893514249562,0.03248137091165164,2.125801134758341
771,VL150127,0.06209227073219833,0.029210609784343426,2.125675266302695
560,VJ180053,0.07754490197568317,0.036497968604530966,2.124636108269777
291,VK150053,0.06172631390920036,0.029129620154297958,2.1190222729386634
846,VG190268,0.055561174350429725,0.026243613482035043,2.1171312551323735
454,VK150210,0.055771040914427854,0.026386998642071547,2.113580315478027
264,VJ160251,0.061248180958277554,0.02903946992711332,2.109135638908198
169,DM140033,0.07202527520726973,0.0342046120230911,2.1057182335132576
626,VN130171,0.07023833557819625,0.0334641737915197,2.09891139150119
189,VM140407,0.07043097024737949,0.03377185149675475,2.0854933065824786
807,VO130172,0.07312984444429962,0.03529256007378813,2.0721037037665435
1071,VL150289,0.07306294356982038,0.03541834390873205,2.0628560092502632
990,VH190194,0.07177928497941523,0.03498856154105323,2.051507173142692
203,PQ100050,0.06585290412862002,0.03213637394727861,2.0491703337985525
171,VG200002,0.05952817857502318,0.029178010629078995,2.040172626289231
483,VH190149,0.06985560281591198,0.03428268139681053,2.037635329843568
826,VG190289,0.05932023882816338,0.029143774236870954,2.035434338257911
587,PN130054,0.06202168657355585,0.03057478535479149,2.0285240224535603
340,VN120455,0.05240051395521112,0.02603335697038921,2.012822011959978
985,PM110032,0.05751887001076009,0.02858559442999937,2.01216280989408
563,VK160112,0.07404679002481462,0.0368416928170314,2.009863943889783
1093,VN120337,0.05718798595840899,0.028463152821598288,2.009193651766288
205,VN130387,0.07838417297706077,0.03916120670457849,2.0015770598789175
680,VK170218,0.07907548994802299,0.03972363713133542,1.990640728254096
681,VJ180173,0.0755202741933877,0.03802148788144308,1.986252469363421
633,VG190221,0.06076720742062723,0.030599572146895584,1.9858842185410177
161,VO130061,0.07300244715911088,0.03691142164396957,1.9777739222091897
48,VR150203,0.08448248201071251,0.04279690625117717,1.9740324572734445
622,VQ110430,0.06578046107201295,0.033323857609525734,1.9739749774110602
971,VI180362,0.07027747426875715,0.03563992735827249,1.9718747898189763
920,VL150152,0.05779923104879782,0.0294620799505653,1.9618177381155606
950,VM130299,0.059042861151555215,0.030126873501882385,1.9598071186466164
541,VP110448,0.0733732558049106,0.037654005844050424,1.948617528472181
138,VS150202,0.08379188149349348,0.043213554178117036,1.93901851137079
767,VO120323,0.07023289136260831,0.03635108833423216,1.932071213847794
878,VM140398,0.07342427775168286,0.03812232409870732,1.9260178776501349
535,VN130246,0.059572957540528396,0.03100406215236167,1.9214565255279152
646,VK170191,0.07651928450719121,0.03984064507385451,1.9206336736100473
496,VK160294,0.06967294295487554,0.036335045024517766,1.9175135990023513
168,VN130094,0.055916448272789125,0.029163491360490842,1.917344106081269
36,PJ140053,0.04783046191449526,0.024975001593330614,1.915133488010188
441,VM150290,0.07542800806655826,0.039392488581767,1.9147814921616928
174,VL160317,0.06280565282206924,0.03282137948728414,1.9135592044935765
614,VI180273,0.06981835045763275,0.03655081208724831,1.9101723455821842
955,UP150030,0.0720540708249199,0.03786097048579378,1.9031226590442543
1028,VP120300,0.07681571495073605,0.04063047422003183,1.8905936104694538
945,VN130121,0.05632106559304139,0.030129588454607687,1.8692942214558614
310,VN110420,0.054101414158141015,0.02900466725415447,1.8652658099496668
389,VI190195,0.07781492722861148,0.04174559213579823,1.864027391813724
803,VN140164,0.08051014906776972,0.04337505185542671,1.8561395462100638
98,VI180259,0.06536950799457447,0.035285646364617784,1.852580715656746
131,VN150062,0.0665403800840307,0.035957059500274516,1.8505512132748978
309,VL200133,0.05413075858986379,0.02927695463296593,1.8489203972366857
755,VP120011,0.06579348590722997,0.03579694066661923,1.8379639344035514
155,VK180054,0.08301691792712651,0.04518978068053218,1.8370728221500379
384,VN130174,0.05574105460349536,0.030407661562249506,1.833125328936729
720,PQ110036,0.0745492434637466,0.04092527209477954,1.8215943266326178
1086,UK180008,0.08129124909493445,0.04464030552404541,1.821028062882479
1048,VR110431,0.07629830397952976,0.04191108294034044,1.8204803748005944
888,PP120025,0.07353508091158893,0.04040123951520014,1.8201194268785459
848,VQ110053,0.07260756423630757,0.04022691798757602,1.8049497169714126
329,VH180002,0.08049698304719718,0.04498482500991395,1.7894252790681504
75,VN140415,0.07790270840008665,0.043607389207580026,1.7864566032434077
639,VI170391,0.06863396278823349,0.03856109442055034,1.7798759039280905
845,DN140032,0.07518829724618764,0.042304853466738096,1.7772971913329976
24,VI180248,0.05867118000411517,0.03301563747878827,1.7770724567050975
778,VN140091,0.0686982486915946,0.038723261403231235,1.774082197680336
160,VN130300,0.06414558693232333,0.0364209208259928,1.7612291363743902
866,VM150291,0.07756986945413206,0.04429169004381573,1.7513413775224147
573,VJ170343,0.07134028940994812,0.04073645168901649,1.7512641983293589
1062,VI190150,0.07401992228631894,0.04227384844082701,1.7509624748247992
87,VO150206,0.08125346041218859,0.046519381040946176,1.7466582442416767
82,PO180006,0.08004338211242683,0.04589337391404491,1.74411631322514
236,VM140350,0.06985077852429002,0.0405038060636438,1.72454851315783
270,VQ150204,0.08611221930850707,0.050101869613711485,1.7187426332078546
730,VN140399,0.07549952455732298,0.04393541827643241,1.7184205253787697
393,VP130062,0.07837896467757874,0.045625735695065624,1.717867415912273
251,PP120008,0.06949274538850908,0.040592645905127483,1.711954070471939
157,VN140109,0.06930945421138604,0.040639503612401685,1.7054699996442706
609,VK200091,0.048386133936772796,0.02839534880241588,1.7040161849554776
987,VK180172,0.08077945681244232,0.04752671859978976,1.6996640877453646
355,VT150201,0.08530201876301118,0.050270803105901686,1.6968501295535678
1091,VL160255,0.07029092741593021,0.04157907343401726,1.690536166648264
364,VL170217,0.0853805651543466,0.05064097550560782,1.6859976393008431
211,VG190020,0.05661717470815328,0.03366422523757685,1.6818202203850445
1102,VP110402,0.06603001012226212,0.03932229219208478,1.6792004341891686
591,VN130152,0.06520231402726291,0.039016095318228805,1.6711645154506165
728,VK160250,0.06716924474149645,0.04048858404815782,1.6589674922097595
481,UK140147,0.06314411506964418,0.03812996641495118,1.6560233592255325
110,PZ190007,0.07888502656770292,0.04766893119959203,1.654852009108567
112,VI170155,0.07088774008693187,0.04318524719712901,1.6414804751110592
232,VQ110449,0.07935575538405723,0.048394789056619654,1.6397582659408783
113,VN180371,0.13009378366059743,0.0796470481054679,1.6333785966345975
47,VP150205,0.08582025249983466,0.052583152340595525,1.6320864892989546
530,VK180075,0.07802023821069985,0.04783261502920636,1.6311096134522662
689,VG190033,0.056366995654774904,0.034631830314052245,1.6276066018925768
980,VP120324,0.07676693600947027,0.04717939542761368,1.627128438456828
628,PQ120024,0.07899861901685758,0.048614190753369556,1.625011499577045
1023,UL180009,0.09186750009186546,0.056562107242884976,1.6241880751962543
744,PN140038,0.07083812245519479,0.04366718577948866,1.6222277939529792
493,VQ120301,0.08457016391109791,0.05215570562452423,1.621494003358513
934,VL170192,0.08299255806050468,0.051188049287260666,1.6213268373397325
27,VN150292,0.08048017267971844,0.04975635034388685,1.6174854490630133
234,VZ140395,0.07995780514374183,0.04946347817944565,1.6165018734361463
779,VK180001,0.07630117896581688,0.04721789359205175,1.6159377973324238
409,VO130301,0.07209371689702809,0.04469783638624143,1.6129128997219084
321,VZ180148,0.08042111651581764,0.049929183094140364,1.610703631264814
320,VK160146,0.0709734572030663,0.04432832860251835,1.6010857941310743
995,VJ170344,0.0754056317132672,0.047117895434360374,1.600360776264175
561,VS110432,0.08422549791790349,0.052676260402880544,1.5989270550666825
13,PP150012,0.09155264969653691,0.057321925768342476,1.5971663280562574
331,VK170233,0.06986429996081704,0.04385106117831675,1.593217999371089
226,VN140400,0.08024393167718082,0.050665804838552354,1.5837887492931333
988,VL180055,0.0921653556619722,0.05821837070284696,1.583097475063231
262,VI190212,0.07409549435283544,0.04687655793469201,1.5806513450937374
577,VK170390,0.0748984590764507,0.04750367966573456,1.5766875240714582
1117,VN150293,0.08651133635891853,0.05501011633142296,1.5726441267222224
667,VO130206,0.06986950745247933,0.04457189451556291,1.567568715933387
873,VH190095,0.05182585735146466,0.0331007872354374,1.5656986337769143
486,VI190058,0.0695336428477413,0.04442708611090718,1.565118240574195
897,VO180372,0.1323993670169679,0.08479553990493575,1.5613954126054361
1010,VI180003,0.08776125051851993,0.056396245781301424,1.5561541252027418
430,VJ190196,0.08442730786592406,0.054424303866264186,1.5512795179408392
1134,VL160145,0.05803511401134337,0.03742930211441933,1.5505262116278096
655,PR100051,0.07770789472117008,0.05012490523825759,1.5502851197783394
327,VN140053,0.06516544078249539,0.04216983573852682,1.545309334059358
391,VK170243,0.07667584246239176,0.04974907332968119,1.5412516722526683
777,PR110037,0.08115037015313459,0.052660953099138694,1.5409969888004527
1123,UN180078,0.06833579070151714,0.04438419260847414,1.5396425322935805
860,UQ150031,0.08447404711093587,0.05531618759725221,1.5271126008534264
297,VL180171,0.09155544188481067,0.05998267844835955,1.5263646814910548
885,VJ190151,0.08158481405325826,0.0535005012999951,1.5249355065999306
315,VQ120012,0.07803223977066545,0.051221613803091176,1.5234240777856218
9,VN140171,0.06917998008243231,0.04548277861812231,1.5210148144921825
401,DN140031,0.07915669384006092,0.05211476062618292,1.5188920161765436
497,VI180004,0.09670088085105638,0.0637330905105848,1.5172790159139746
1129,UM180010,0.10766537758971362,0.07102288290303466,1.5159251946545993
458,VU150200,0.08931815275745755,0.059012558528162305,1.5135448281713229
91,PN190015,0.07870565215732622,0.052006129102138886,1.5133918543091347
19,VN140424,0.07811487956141136,0.051785143514206954,1.508441886232892
850,VM170216,0.09883958120285509,0.06557400300684818,1.5072982686832896
71,VI180304,0.07260227738735957,0.04826168383968762,1.5043461315714735
1009,VL160059,0.06440062560207029,0.042858452136324214,1.5026353587671506
781,VO170214,0.12218702699818818,0.08137910379505126,1.5014545663455499
272,VQ130063,0.08768047430084314,0.05851482960407842,1.4984316778174793
536,VK170345,0.07899823216881899,0.052798814689829256,1.4962122281134576
910,VO180373,0.13398177125849345,0.08978350612429672,1.4922759985894116
902,VS130185,0.12116286955838079,0.0813576162955974,1.4892627768020954
460,VQ130187,0.09467219500242505,0.06368282992933709,1.486620414128486
207,PQ120023,0.08348896143400647,0.056330156008147864,1.482136165607818
479,VL160249,0.07139555552261523,0.04824000342340677,1.4800072648413833
1097,UN180011,0.11856151527737373,0.0801539391751952,1.4791726582299316
602,VI170382,0.06844250721004985,0.046377676241999295,1.4757640476188585
446,VR110450,0.09319108432879514,0.06324229310354665,1.473556377473747
697,VR120302,0.09636203536415838,0.06545211572517778,1.4722524137915733
1138,VN170215,0.1133550741479307,0.07703586697961701,1.4714584075223482
864,VM160256,0.0767396622805161,0.052224565705890263,1.4694169543254019
814,PS100052,0.09200140715156377,0.06264243530640798,1.4686754546107585
304,VN140144,0.08191159590265781,0.05577278018000708,1.4686661779866004
29,PO130053,0.07001998415323961,0.04775693137329557,1.4661742733410412
200,VO170195,0.12114978117852547,0.08264820107102486,1.4658489792707496
8,VP170213,0.13043619595168096,0.08915891996709441,1.462962943021524
937,VL180149,0.09012796585527438,0.06187488521361744,1.4566162917978067
581,VO130252,0.07166053109137797,0.04925782075221778,1.4548051456001845
1094,VM180056,0.10494140916222447,0.07214694177538784,1.4545510395843848
876,VN140167,0.0663962516792381,0.045684178361240876,1.4533751959862247
374,VO140401,0.08571793740797247,0.05899148093591894,1.4530562048626285
582,VM170193,0.09543727411311466,0.0657776879332209,1.4509064868623063
769,VS110451,0.10854761518065657,0.07498739433026612,1.447544832703235
388,VO150294,0.09257193576198518,0.06412737937348312,1.443563368196268
772,PR120022,0.0910203594952196,0.06309903917024265,1.442499928559048
575,VT110452,0.12163445602593703,0.0843497109460984,1.4420257599183064
983,VP170196,0.1281257684914102,0.08886705562995925,1.4417690288392526
1098,VT120304,0.12085157199552661,0.08384876378452492,1.441304159308678
979,VT130066,0.12373953360845372,0.08597520421767581,1.4392467541590772
974,VK200206,0.197619728660804,0.13737760227320234,1.4385149062930822
273,VI190220,0.07350154799218865,0.05110845618887178,1.438148468436671
562,VP130302,0.08160193533151258,0.056807811262907626,1.4364562463752966
1127,VJ180005,0.10451617599034778,0.07288534370975719,1.4339806972242646
191,VN180057,0.11444300299715253,0.07986953081429791,1.4328743618544635
880,VR140161,0.1196694228489898,0.08365438600849663,1.4305217999787267
586,VQ120325,0.08629126003076067,0.06032822424480993,1.4303630035685055
213,VO180058,0.1221348333895614,0.08556133680760492,1.4274535432305884
363,VP120177,0.07614855966809729,0.05336024009840021,1.4270655365806777
68,VO140417,0.09231279527927341,0.06476131041196866,1.4254312442419774
435,VT130184,0.12876172724441942,0.09042397164296362,1.4239777893502765
994,VO180168,0.12448723456846687,0.0875143607646679,1.4224777908533386
1083,VQ150299,0.11942921296417806,0.08396614154418283,1.4223496610396777
935,VS130065,0.11638887993498861,0.08204675551971938,1.41856773248048
1004,VN180169,0.11675197202612769,0.08231782406927599,1.4183073149245666
1140,VR140162,0.11931873043819752,0.08433927669017921,1.414746902282735
1036,VP140418,0.10009526798125887,0.07081922343917701,1.4133912110350313
741,VL170240,0.08774786927142274,0.06209513999797256,1.413119759038916
811,VK190152,0.0958469372387078,0.06789701812490592,1.4116516437052382
416,DO140030,0.08385969639688058,0.0594940042571832,1.4095487006449983
79,VM180170,0.10611360900770882,0.07529625979763427,1.4092812749650387
631,VR130186,0.10918872997771527,0.07753582767244502,1.4082358214964819
133,VN170194,0.11107821341861043,0.07891939356862411,1.4074894445561434
256,VS120303,0.11189339136936059,0.07954508179003487,1.4066663689492642
222,VK170346,0.08388937230047577,0.059772002841404194,1.403489398256627
269,VR120013,0.09182395204525255,0.06545261042494595,1.4029074081093593
809,VK180303,0.07844916502420032,0.0559456195373704,1.4022396332888596
1001,VR130064,0.10401120137718016,0.07442502106076723,1.3975300227628573
683,VU110453,0.12653721938906853,0.09058100373190889,1.396950951918999
1054,VS130351,0.11989663489984637,0.0858717714798574,1.396228735399619
495,PU110040,0.12328905387276728,0.08830534925331539,1.3961674452936774
594,PR120021,0.09717895432468777,0.06966206411628584,1.395005381443599
842,VR150300,0.12135950783379579,0.08705334104577293,1.3940821383292408
7,PS110038,0.09675697278207668,0.06956867030373866,1.3908124499093222
782,VP140404,0.10758419394469053,0.07761137853716814,1.3861909938008432
42,VN180242,0.10100704980106445,0.07324800229803333,1.378973441351812
130,VR110054,0.0816904202631069,0.059249614209563664,1.3787502476247515
390,VP180374,0.1372608536340228,0.0995889956802978,1.3782732991369828
986,VS120327,0.11681214370331339,0.08475661429892425,1.3782068180700793
80,VP120457,0.07082253904195653,0.051447586171423955,1.37659595546378
623,VM160248,0.07971040204632372,0.057964072927484914,1.3751691007987694
40,VR120328,0.10218390059844011,0.07435104606309356,1.3743438190732093
932,VQ150298,0.11499696071950403,0.08372834054110388,1.373453241475027
1088,VM150153,0.06921761760429573,0.050413462170278686,1.3729986917086416
795,DU140012,0.12264427247760414,0.0896170126195905,1.3685378355358588
757,VN190200,0.13439915326763463,0.09823252386585182,1.3681736758710652
551,VK190197,0.09739304831493502,0.07118975096424872,1.3680768227977862
830,VQ140160,0.11363829501195194,0.08336337565452395,1.3631681073340152
600,VJ180006,0.11126618059003197,0.08162461230596778,1.363144980988743
129,VO150295,0.09587636435048523,0.07036251545813858,1.3626056960332216
140,VT120326,0.12544819216649944,0.09209890412486015,1.3621029843789136
233,VP150296,0.10354297041095732,0.07612745910714239,1.3601264461648475
1070,VK170257,0.07079673654371825,0.05214168567877922,1.3577761367337482
556,VM190199,0.1251589556599342,0.09232233770349359,1.3556735972381908
28,VP150297,0.11094994022811727,0.08185566908534875,1.3554337954581093
1002,VL190153,0.10998110234395847,0.08178339462400563,1.3447852446036281
549,VN160247,0.092427305684599,0.06877671946034065,1.3438748810619878
151,VK200085,0.14364222498210807,0.10703976858578154,1.3419519387973393
1113,PS120020,0.09998900903715964,0.07455106626559795,1.3412150093324713
1072,VS140163,0.12143545528725179,0.09056660206015216,1.3408414639051742
325,VM190154,0.11725500362847033,0.08748328466323695,1.3403132276050025
1061,VV110454,0.1258704397315513,0.09392783127425883,1.3400760778136525
268,PT110039,0.11155083479558346,0.0833029577068225,1.339098128882493
249,DU140011,0.12721173618230985,0.09558574281510288,1.33086517335941
420,VI180087,0.07130736467767218,0.053627403385280575,1.3296814720894043
219,VK190314,0.11063997201939842,0.08332492825668399,1.3278135887326532
252,PQ120007,0.07915913815767145,0.059637617990772364,1.327335678797896
6,DV140010,0.13037968831750185,0.09838714393009286,1.325169967431321
753,VK190089,0.09367084102834271,0.07069390065070477,1.3250201243126463
156,VL190198,0.11228534444707015,0.08478121912331563,1.324412949096065
351,VQ130303,0.094965910420282,0.07183452778145738,1.3220092531156795
1063,DT140021,0.11927741539852565,0.0902859007073972,1.3211078857715062
17,VU130067,0.13318033265180165,0.10084601947612737,1.3206305349843637
516,VN190085,0.10380579903261013,0.07875093548719304,1.3181532179956346
727,VL170347,0.09063714080119849,0.06885219175168285,1.31640167865801
378,DT140022,0.11514536140366549,0.08769265133895232,1.313055993239412
512,VP180059,0.13044046165370118,0.09943680273922849,1.3117925965075459
895,VU120320,0.12604168206257504,0.09639321471603685,1.3075783646585408
750,VP180375,0.14148871676171138,0.10822912188824763,1.3073072597577393
209,VN140335,0.06719189463205104,0.05166138596749939,1.3006212158985053
821,VN160257,0.08971008790330491,0.06901936371924042,1.2997814391368632
64,UN120032,0.06659911552280097,0.051239231005786715,1.29976805302327
217,DS140024,0.11320925640595259,0.087125299809799,1.299384411337428
938,VN160032,0.09411584261642605,0.07253500547201622,1.2975230649529028
526,PS120019,0.103025930374834,0.079433519215136,1.2970082578841915
583,PT120017,0.10964658180322641,0.0848002722021911,1.2929979934709848
289,VR150301,0.12781472524441248,0.0989970272735115,1.2910965992067893
474,DS140023,0.11375901952578771,0.08847662048658536,1.2857523140029474
443,VP120282,0.08223846300000147,0.0639656214307611,1.2856665996596253
819,VP130115,0.07365494877409848,0.057295583721893834,1.285525759395543
970,VP160259,0.11289014806611014,0.08785380447847721,1.2849773408932614
1077,PT120018,0.10679632092770003,0.0831308078744137,1.2846780111777332
0,DO140029,0.08829158382981364,0.06893389213100015,1.2808153014489105
128,VO160258,0.10416325347108026,0.08157924444295835,1.276835231587773
376,VT130352,0.12080582932196442,0.09462926781586593,1.276622255569324
178,PO140039,0.08018349992095472,0.06294017461673176,1.27396373475645
499,VK190213,0.0978712627197146,0.07688400576449449,1.2729729902407367
400,DR140025,0.10976862556992747,0.08634311341853454,1.2713072441323894
1107,VQ170212,0.13535880062278804,0.1064769387165379,1.271249927490301
220,VR130304,0.10630068901689055,0.08379412745888329,1.268593542776025
540,VN140416,0.06905642768279409,0.054531839596619884,1.2663505979921958
318,VP180167,0.12936393352499376,0.10216007884034531,1.2662865474796896
824,VQ170197,0.1339679647864922,0.10579769615210832,1.2662654259869959
367,DV140009,0.13275173243386273,0.10493200903293169,1.265121421550217
279,VP130207,0.07961127435916968,0.06294341460134482,1.264807047145306
96,DR140026,0.10897861341688986,0.08633964058265686,1.262208328427771
862,DW140008,0.13871806558420452,0.1099024124021677,1.262193090690232
524,VS120014,0.09946130270853354,0.07894076291752444,1.2599485871760385
610,VM160135,0.0885083247871714,0.0703591109980296,1.2579511527604443
368,VO160246,0.09921052200200223,0.07898723192521816,1.256032393892859
263,VQ180376,0.14266283714189484,0.1136826580616442,1.2549217231051741
413,VN190218,0.12857345495169567,0.1025442311512607,1.2538341114678586
198,DP140028,0.09391446204354173,0.07515373172762894,1.2496313873528615
177,VN160295,0.09163913866339234,0.07337451093838711,1.2489233317049584
345,VN190214,0.13337553955613798,0.10687717850667598,1.2479328273791097
215,VS110055,0.09033910289725476,0.07247558352450692,1.246476378720117
114,VP130251,0.08183023592167846,0.06566108860410744,1.246251587680189
298,VN190155,0.11992169734535074,0.09625807425108032,1.2458352016532768
322,VL170348,0.09456597779469426,0.07617374332627294,1.2414511046101853
32,VS110215,0.08067117182952811,0.06505284253336928,1.2400868077078617
118,UZ190051,0.06796788974201047,0.0549256940999697,1.2374516308943277
356,DQ140027,0.10588711958370488,0.08568139042390013,1.235824011023151
833,VN150157,0.08195089215525884,0.06631987047786642,1.2356913782364687
1143,VQ160260,0.1180669444127931,0.09559645510516637,1.2350556752643889
195,VN170259,0.1087140886534447,0.08849858020067966,1.2284274889712838
181,VS130305,0.11117537158531597,0.09053462000078229,1.227987388518948
76,VK180007,0.11756949651385021,0.09587578889079067,1.2262688826244779
798,VK190219,0.09593251736303378,0.07824130375838588,1.226110925493771
196,DQ140004,0.10191329078738605,0.08312062485446005,1.2260890839768228
856,PP130052,0.08031109276215909,0.06574412618379259,1.2215706166303504
982,VN150272,0.0820993495471384,0.06722251675095763,1.2213072868321142
1074,DW140007,0.14042225197686545,0.11525845297918072,1.218324976149299
44,VS140146,0.12126939066976843,0.10003838384989441,1.2122286066889156
461,VM170258,0.0975722934475286,0.08056065303269025,1.2111656221050653
383,PR120006,0.08937897220460218,0.07382911039386035,1.2106196556857736
804,VN180099,0.11250419115395671,0.09300396814598778,1.2096708710036925
1132,VS130096,0.11721516074915513,0.09695703276358296,1.2089392322367059
946,DP140005,0.09762272574594878,0.08088586259334928,1.206919511222171
83,VO190201,0.14146841058068843,0.11791622559307718,1.199736591543293
1067,VT110433,0.08640434845439009,0.0720761084083399,1.1987931973917763
652,VQ180377,0.14319237883479496,0.11999506527422102,1.1933188961359522
197,VK170142,0.07790941292317492,0.0653736391543399,1.1917557891987542
627,VN150159,0.07068330328273702,0.059350693308719116,1.1909431776149622
434,PP140040,0.09143899163077741,0.07695434243442703,1.188223935623812
989,VN120286,0.05876349704058957,0.04955584448858681,1.1858035645850686
295,DX140006,0.14407773916219407,0.12158295148865517,1.185015969740115
758,VU130353,0.12048429528499603,0.10196668580055929,1.181604504834609
117,PS120005,0.09933208338987543,0.08408724811722323,1.181297825936697
1035,VS150302,0.13192491021542743,0.11202437716486477,1.1776446658683521
427,PS130060,0.10586241883979959,0.08991858339594812,1.1773141306468795
1131,VQ130208,0.0898113938016759,0.0770813548625494,1.1651506899668091
538,VN190315,0.13561466641145833,0.11663119805416763,1.1627649263147766
640,VI180334,0.07567350107760905,0.06513247551022745,1.161839780920447
559,VQ180060,0.134096432636977,0.11545637611757875,1.1614467485140494
412,VR180378,0.14519129749803847,0.1251216693306563,1.1604008983795173
164,VM170165,0.0972983400927366,0.08385901987883365,1.1602608787143132
508,VQ130116,0.08527583739448712,0.07357676345115298,1.1590050091167854
377,VK180098,0.07878631728845495,0.06832189224814401,1.1531635716748638
874,VN160271,0.09699229780761216,0.08411712102889499,1.1530624993013543
237,VK180008,0.12348262907340249,0.107933922745866,1.1440576413047308
926,VR170211,0.1400121235275259,0.12257449271115387,1.1422614969124427
991,VT130306,0.10937465990191675,0.09582531859895695,1.1413962562406474
72,VQ130250,0.08980491546155735,0.07872637637477659,1.140722075585461
859,VQ180166,0.13425630824351478,0.11776355982588599,1.140049676164795
917,VO190156,0.11796658234176657,0.10354251819690499,1.13930571127729
1003,VN160022,0.09984020861760241,0.08768742822618456,1.1385920494790938
738,VT120015,0.10564703580668265,0.09283029358031673,1.1380663760938867
554,VS150303,0.1308138352171984,0.11509441810101342,1.136578449029463
415,VM170349,0.10179426377199709,0.08958091130600611,1.1363387834297698
159,PR130050,0.09981487264734573,0.08798552240474046,1.134446553470346
81,VO180016,0.18953709457560106,0.16737205283990833,1.1324297656604214
212,PQ130051,0.09063217249096592,0.0800804490630517,1.1317640391802282
440,VK140345,0.0470916284663459,0.04162362210453243,1.1313678648167924
722,VN160111,0.08727288140691546,0.07719388671004167,1.1305672654459396
706,VS130248,0.10105421408773343,0.08965686622307964,1.1271218629959192
302,VI200010,0.0810439881155125,0.07196064395545915,1.1262265546939183
672,VS180380,0.14792957587591293,0.13158553798928244,1.1242084664954723
451,VR180379,0.1477763520258689,0.13180657435344395,1.1211607065183367
488,UN190218,0.06918248701527131,0.0620745368076336,1.1145066974831397
1033,VN200207,0.08515405049443897,0.07649015606374422,1.1132680971846176
808,VN190231,0.17650944002783708,0.15861990424694755,1.1127824144505736
476,VN150260,0.09859776710020168,0.08883506302212699,1.1098969679983568
742,VV130177,0.12227915842473996,0.11019223695006933,1.1096894101546146
470,VL170166,0.08250955147765848,0.07444173933940541,1.1083775340265647
792,VN190036,0.14654376496574395,0.13223067493263985,1.1082433409675583
884,VR160261,0.12405127210142909,0.1121844927135966,1.1057791420256986
34,VS130118,0.09728650459846039,0.0882182666028196,1.1027932008284433
162,VR130117,0.09294199574725494,0.08428152861973888,1.1027564078315466
100,VG190288,0.07285070731002864,0.06614433145147446,1.1013900316382244
1049,VM170350,0.10812625752668803,0.09833792754655725,1.0995376882993246
521,UI200090,0.05050092207903143,0.045994166701562415,1.097985368594925
271,VM160060,0.07937828481290696,0.07235636922520364,1.0970462678392299
901,VR170198,0.13948131485150733,0.12788780295370084,1.0906537733078712
829,VN190102,0.1491734349020123,0.13680404589259113,1.0904168362033149
286,VH190021,0.0652592399268636,0.059917432074842895,1.0891528169189268
952,VN150064,0.07966525512050024,0.073151619153556,1.089042950003214
16,VN170395,0.09575401532224213,0.08804977142710574,1.0874987381598662
292,VP180017,0.19488753938490747,0.17926680577999032,1.0871367877446765
1056,VR130249,0.0956206025673824,0.08846501497581864,1.0808860722345404
394,VO180015,0.18608063619801385,0.17234670813512426,1.0796877887108922
494,VT150304,0.13066174584143908,0.1212305401246342,1.0777956256493528
603,VU180162,0.15324744113847616,0.14232847573736898,1.0767166608406273
921,VL180009,0.12939523696909666,0.1203108472545773,1.0755076530655363
456,VN170241,0.10236962759338651,0.09542389802170875,1.0727881559617027
238,VN190188,0.10696938573910356,0.09985449124343918,1.071252623763499
4,VV180161,0.1597860564303186,0.14951393613075953,1.0687034303650158
881,VV130354,0.12378149499892209,0.11587797252616791,1.068205564012344
558,VK190031,0.0857703080298488,0.08053624943603979,1.064990096142555
953,VS120026,0.07792497010514858,0.07324669183746145,1.0638701646494628
852,VN180014,0.18081211258967178,0.1702941253520445,1.0617636528323202
199,VN180190,0.10889092571366787,0.10282518646360178,1.0589907926129873
825,VY190211,0.20176951036307894,0.191040994503252,1.0561581868212286
505,VT150305,0.13402700253737695,0.1272184260530519,1.0535187920143407
835,VS120283,0.12735413570750617,0.12107661321969856,1.0518475229928739
854,VU130307,0.109838202529169,0.10442818639748673,1.0518060910403062
1022,VX190210,0.1918615234532082,0.18279889598035376,1.0495770361426495
193,VP140145,0.12410605617334691,0.11885516126582388,1.0441789389000888
965,VN190091,0.1157987746853568,0.11090707632300943,1.0441062781972597
533,VN180013,0.16748091254889594,0.16056014974191588,1.0431038636803995
281,VL180010,0.1367892674746829,0.13127433889611675,1.0420107130223704
478,VP190202,0.14349931018529802,0.13775784695040882,1.0416779396745077
671,VP150072,0.12806055611724962,0.12299643738545647,1.0411728895522623
789,VR180061,0.13717409230606897,0.1319380977529543,1.0396852360484896
1090,VS170210,0.14032196279803932,0.13497899074841624,1.0395837309198859
330,VZ160270,0.19237438049999567,0.1852788671250288,1.0382963987478329
132,VS120178,0.12486406626214584,0.12040607516562037,1.0370246359279915
1141,VK190230,0.1481098305817904,0.1429218196363338,1.036299642410498
927,VR180165,0.13763690825437325,0.13289966976565945,1.035645223927696
334,PW160005,0.14416107441542422,0.13951687893711365,1.033287696181936
303,VU120016,0.11259971938376552,0.10899706364494754,1.0330527779221048
664,VM180012,0.15621980990370943,0.15165153891912472,1.0301234726475208
606,VI200068,0.04862758165425032,0.04723164661691129,1.029555078794124
136,VM180011,0.14548704650565977,0.1414251360819647,1.0287212764026683
370,VV190163,0.1739679706498946,0.16913819584197717,1.028555198805773
514,VP130095,0.10241181633301184,0.09956888652726822,1.028552391262958
618,VN170351,0.125068812182096,0.12162577250057073,1.028308471228901
424,VP190157,0.11549950757453335,0.11240153786391595,1.027561631001598
871,VZ160269,0.18229755418932958,0.17746796752525418,1.0272138500903727
422,VT170209,0.14553819207302796,0.14186773304188494,1.0258724020779224
960,VS110403,0.11991723146364777,0.1171521353679103,1.0236026094364719
214,VP180018,0.19968817097622032,0.19516022588256962,1.0232011675185047
578,VQ180019,0.20030916634440632,0.1960296968262958,1.0218307204846753
449,VW190209,0.17887586192227942,0.1753227326287593,1.020266221272308
1029,VU190162,0.1569184544975742,0.15412148145686183,1.01814784684311
975,VS170199,0.1416443671885896,0.13915244013171135,1.017907893347178
1136,VW130178,0.1265234537099821,0.12448950323943613,1.0163383290769021
774,VK190035,0.11389126787856955,0.11236828651909697,1.013553480315941
733,VT180163,0.14677432981075741,0.14481505624984545,1.0135294879665806
1124,VN150071,0.10650770683895262,0.1051813084725415,1.0126105900912745
63,VK190101,0.11943673720502511,0.11799276814281702,1.0122377759665773
834,VS150073,0.1208910070245932,0.1203453737813608,1.0045338946241813
54,VQ180020,0.1980693280294547,0.19723534299217413,1.004228375222354
56,VV180065,0.1524765836715995,0.151931238186076,1.0035894230313294
662,VP190217,0.1319252977660221,0.13162637567659152,1.0022709892899053
35,VS180164,0.14035437374472826,0.14012407239737348,1.0016435530556211
107,VS160262,0.12943289862848453,0.12932764402069408,1.000813860088363
1055,VN160328,0.09955960158648129,0.09966347481561408,0.9989577603096323
765,VT190161,0.1401742739059541,0.1410775368918103,0.9935974003675093
1053,VS180062,0.13870553291118393,0.13963004119409353,0.9933788726623343
1042,VV190208,0.1655707516727101,0.16671510441248016,0.9931358784568268
1105,VV170200,0.15387762198587823,0.15501262387126524,0.9926780035261541
569,VS190160,0.1333701625825944,0.13436436441418376,0.992600703051557
347,VU150306,0.13390832119314058,0.1355325608743949,0.9880158710882799
89,VT170202,0.14398111657387647,0.14692185229670207,0.97998435442478
775,VU180064,0.14766653370402055,0.15084864873032383,0.9789052467285138
511,VT180063,0.1430847842882391,0.1462515874624427,0.9783468799952899
1012,VN170244,0.10368087280737796,0.10612785220744421,0.9769430988268449
12,VW130179,0.12657573587252413,0.1296969873758766,0.9759342790722908
411,VR190159,0.12402583370312731,0.127173443334434,0.9752494738777397
444,VN190236,0.14117143177841537,0.14481882091371906,0.9748141221404036
106,VW160266,0.1502400920255329,0.15425213745787827,0.9739903414081316
724,VX160267,0.1545577624200657,0.15894471185517972,0.972399525697268
853,UN130032,0.0738310238547034,0.07593621423664114,0.9722768588992691
485,VU170201,0.14771532840943,0.1528502960234091,0.9664052491387214
693,VN170245,0.12124683222123106,0.12546399047511464,0.9663875010039631
37,VU150307,0.13353767140598138,0.13884480751963968,0.9617764883796062
916,VX180034,0.17664812436335184,0.18416266899986722,0.9591961569772819
143,VU110434,0.09320727688974378,0.0972086305286359,0.9588374651804873
15,VN170352,0.1341066025001271,0.14056285401410046,0.9540685797876179
69,VK190282,0.10175168710684,0.10676872664265516,0.9530102147550498
898,VS110031,0.12827713770285298,0.1346377101925342,0.9527578679065063
544,VU190207,0.158121489769242,0.1660496915987057,0.9522540406240327
503,VV130308,0.10725991881975472,0.11285471631215914,0.9504247790856248
274,VY160268,0.16310401320403944,0.1717023991300352,0.9499227385897855
770,VT160263,0.13343546535709225,0.14053727893145135,0.949466692194723
173,VQ190158,0.1160235548866389,0.12229774778175431,0.9486973962405916
208,PK140052,0.04784913979353179,0.05054486540510402,0.9466666774168515
914,VX180033,0.16969583471182792,0.17934301069445763,0.9462082411504434
604,VX130180,0.12767131800613818,0.13493886093801571,0.9461419573178709
1008,VQ190203,0.14458561118389035,0.15306816923230188,0.9445831351419767
323,VI160132,0.04462230217988479,0.04744036929716004,0.940597698562942
838,VV120017,0.12695821871364654,0.13497739499598455,0.9405887461187367
280,VR180021,0.20123228561152942,0.21424308280884813,0.9392708645397565
288,VV160265,0.1423405474584568,0.15165025146215702,0.9386106919445276
46,UN130048,0.07338502936723566,0.0782289475209935,0.9380802336314453
912,VV180030,0.18589406793119365,0.1982953669928637,0.9374604699558292
99,VN180302,0.10359296795465198,0.11067493317336878,0.9360111181849721
636,VU160264,0.13775407401554834,0.14734122164859212,0.9349323459804816
930,VZ150317,0.16025708190815346,0.17208843070296562,0.9312484357810564
153,VX130181,0.13060292255921213,0.1408608111378286,0.9271771297087065
357,VV190215,0.17062118203570786,0.18413127218982744,0.9266279432415394
641,VZ150319,0.1700627431094117,0.18355690600484825,0.9264851255714665
1057,VW180032,0.1671638539289933,0.1810314866367187,0.9233965705891043
616,VV150308,0.13329937678950957,0.14532107871536223,0.9172748920382062
820,VZ150318,0.16545850363534376,0.1816084607155903,0.9110726613913745
371,VV150309,0.1332245565608478,0.14635643552611433,0.9102746734842185
962,VN170143,0.10856807572946163,0.11934518453084658,0.9096980004367127
283,UI180163,0.07856901242110058,0.08684617808235992,0.9046916531731569
1092,VR190204,0.1446930364327232,0.1600395934230483,0.9041077482010463
1137,VW180031,0.16631574405279695,0.1840429361156074,0.903679041222886
477,VX150313,0.14253140031998401,0.15793604319387705,0.9024627782083738
725,VY150314,0.14454502015139517,0.1603432512570763,0.9014724287937007
421,VL190281,0.10507807273966038,0.11668471943514509,0.9005298487096605
202,VK190183,0.10953853199220083,0.12179264280687688,0.8993854593162327
500,VT190206,0.14718078799751394,0.1638442394838352,0.8982969951289299
685,VY150315,0.14823381311711964,0.1650510881395937,0.8981086691882293
66,VW150310,0.13498209199055275,0.15041254070068633,0.8974124854333827
223,VO170353,0.1440534697290869,0.16059421153703798,0.897002876693745
732,VX150312,0.13929122869013166,0.15534338547053153,0.8966666219370831
115,VN170152,0.12819149118301465,0.143230509124444,0.8950012952312912
333,VK190235,0.11027129979183593,0.12341479611161094,0.8935014541701418
531,VZ150316,0.15246452380655057,0.17087995186509652,0.8922317810980878
1043,VP150259,0.13608211365820816,0.15264631402533357,0.8914864045496941
287,VO170354,0.14998235949724265,0.16996141556790506,0.8824494606384345
810,VW150311,0.13500510154275241,0.15353159690210855,0.8793310580155784
844,VS190205,0.14479110685046187,0.1648039787045095,0.8785656025335994
918,PO140048,0.07219822689500445,0.08320292082367024,0.8677366873695727
612,VN180095,0.13816266231326374,0.1599185917485028,0.8639562217415366
397,VW130309,0.10654933560684421,0.12370840931645347,0.8612942013851675
1106,VV180029,0.20663667920481005,0.24043748832954265,0.8594195549139768
285,VP170355,0.1576873050764054,0.18361436824702182,0.8587961093778023
146,VI190022,0.07433146088623885,0.08672896437323023,0.8570546347856772
433,VS190216,0.1433543131890319,0.16759538680715858,0.8553595413337998
827,VI190034,0.07482734822275929,0.08755037275549345,0.8546776657563021
105,VU180028,0.20628183791574142,0.24213532860780038,0.8519278830635542
705,VI190229,0.08703016103707897,0.10223189508303118,0.8513014550536738
793,VU180027,0.20898972634998939,0.245966562482355,0.8496672240357133
717,PN140049,0.06353158524379264,0.0749165665563581,0.8480311920861885
336,VQ160245,0.10173914907418388,0.12060753473571545,0.8435554983950428
31,VR180022,0.1996490427281649,0.23679157690368108,0.8431425025281852
419,VN200096,0.1261421459299183,0.1501000758240332,0.8403869567514309
959,VP170356,0.16381018864849534,0.19505680855878452,0.8398075917412934
187,VM200134,0.07407548901302151,0.08839661122154713,0.8379901445245135
843,VW120018,0.15305542821386134,0.18301627968428574,0.836294063445565
386,UN140148,0.0933916414291601,0.11209095914907002,0.8331772886781915
759,VO190092,0.11306128252500608,0.13642801820627898,0.828724803097686
806,VX130310,0.1066403814650552,0.1293860389940944,0.8242031543289041
507,VS200208,0.10240179025291699,0.12473638801892983,0.820945610813876
221,VT180026,0.20355850170358586,0.2484355461198236,0.819361419421869
998,VS190189,0.1355947713008388,0.16550693022979146,0.81926944758493
969,VK200069,0.07059683441559245,0.08786895657108476,0.8034331710594582
1013,VP190316,0.13156727810387756,0.16511035030221125,0.796844521636967
103,VI190100,0.07508136074785605,0.09469297635121565,0.7928926055653776
5,VS180024,0.21149222254715563,0.2675072586258058,0.7906036779472774
822,VT180025,0.21592697830341262,0.2756397575308601,0.7833665949994091
571,VS180023,0.21196492886414886,0.27174463162730855,0.7800151472903937
41,VL140346,0.05007580214131786,0.0644291609431946,0.7772226334821946
375,VV110435,0.09987734038123623,0.131522798371132,0.7593918439858739
555,VX120019,0.16318914380086247,0.21574823464121218,0.756386925122446
815,US190226,0.1417634854759862,0.18903065975730515,0.7499496941818597
216,PL140051,0.05455603240137119,0.07314592240030832,0.7458519984586486
678,VQ170357,0.16636659298957426,0.2253837222040189,0.7381482183481648
119,PM140050,0.05854350937501947,0.0795775360772573,0.7356788392918185
487,VR160244,0.1032441709782565,0.14102458377670862,0.7321005190253086
163,VI190287,0.1027810944359706,0.14153363255370077,0.7261955521206123
314,VN180337,0.08335138526637245,0.11571417767170558,0.7203212859780235
883,UN160125,0.1323649700948097,0.1876303028084841,0.7054562515411797
651,UN180162,0.1610401388178128,0.22928513550883464,0.7023575185562245
1059,VQ170358,0.1665324738509549,0.23936058063459423,0.6957389283124356
550,VP190093,0.1211708345950273,0.17477233806501125,0.6933067093830064
649,VN190184,0.12766934765967106,0.18436277355226705,0.6924898405451503
754,US130057,0.15655929930643167,0.22709297714753526,0.6894061686668538
913,VW110436,0.11379329241576361,0.166182918297357,0.6847472266201826
1084,VY120020,0.16673250090842312,0.24355688618290328,0.6845731341104946
144,VZ120024,0.18879057236261773,0.2779297762581139,0.6792743652889052
447,VS140170,0.08790579771541024,0.1295046000228836,0.6787851373609678
167,VM140347,0.05232070855480847,0.0778219481017911,0.6723130149141601
537,VN170154,0.15041486780708066,0.22428165864939487,0.670651665021858
877,VS160243,0.09812234571755532,0.14740536264665147,0.6656633378581109
943,VN160136,0.13216918969805067,0.20048874156631052,0.6592349708292047
25,UX160124,0.13189409734925425,0.20072282486371176,0.6570956613370137
828,VN200135,0.09759201173282674,0.15073337305679727,0.6474479390576198
120,VZ120023,0.18456717981841236,0.28570329480826184,0.6460099801868828
548,VR170359,0.18154618035588996,0.2821607788584495,0.6434139467943755
1069,VX150158,0.16822815617268733,0.26170218184629185,0.6428229026821581
1031,VZ120021,0.17289115362763258,0.2700010966166466,0.6403350052800236
11,VV170361,0.17396763815753577,0.2722055616807943,0.6391039076620388
316,VS140056,0.1173964434338597,0.18391237704330518,0.6383281284337746
899,VS160109,0.13742368335149951,0.21898522539381787,0.6275477402841219
2,VX160108,0.179380225902235,0.28616586233697106,0.6268400585497094
661,VZ160050,0.09270737882394056,0.1488824165211989,0.6226885685371734
688,VR170360,0.18387354941145684,0.2955957426190644,0.6220439705331464
190,VS170227,0.14479269818505136,0.2341582491534739,0.6183540349678227
436,VZ120022,0.174719515011123,0.28609930173514886,0.610695356302779
20,VS170389,0.1460159969720835,0.2465135356429877,0.5923244603637126
957,VN190285,0.15954765249903585,0.27167888334466417,0.5872655634285218
915,VS170368,0.1793898274254013,0.3073904107034249,0.5835895368853241
1066,VK190286,0.14903574927074537,0.25782511654134055,0.5780497698208098
468,VI200182,35.54612023442834,61.509477956210745,0.5778966334218281
365,VK200181,73.3927519220279,127.05780697516309,0.5776327615694997
1133,VN200180,149.0002552597669,258.01006830487654,0.5774978326958209
186,UN200150,0.07702145120219842,0.13360421651295185,0.5764896738474703
714,VS190232,0.20295153760785606,0.35391113328549073,0.5734533856671314
752,VS180251,0.1444326976550691,0.2542741351984536,0.568019620015003
362,VS150002,0.12079018679653755,0.21413208005169393,0.5640919696263046
585,VI190119,0.10938069338056287,0.19448133702119957,0.5624225699797598
428,VO200136,0.11225719010398072,0.1998140557898435,0.5618082755001399
245,VN200171,0.023347384595126978,0.04238529964902639,0.5508368417459868
405,VS170367,0.1758227010942957,0.3213500373819112,0.547137640084783
504,VU170363,0.19606717737632043,0.36022586826596803,0.5442895545512484
851,VV170362,0.19404447917537357,0.3621506012117458,0.5358115616158199
1121,VU170364,0.18703417109958267,0.35134363749936043,0.5323397128542655
73,VT170366,0.17953759062746136,0.33919622894390944,0.5293030267065565
964,VI200095,0.31908170364268246,0.6033675590716132,0.5288347025710922
660,VP200137,0.12486016241896046,0.23888318183967158,0.5226829342166138
466,VN200093,0.7656805708140387,1.4651670374148584,0.5225892688420058
125,VT170365,0.1795372773283818,0.3467312323874469,0.517799553539388
201,VX110056,0.1441768304310202,0.2831380126593984,0.5092104344338182
484,VO160137,0.1818775202729896,0.3607818966501931,0.5041204172429261
1064,VQ200138,0.12418145487462445,0.2480674294590207,0.5005955644617929
1039,VK200094,0.5622749860322991,1.1262472959114496,0.49924646929097494
1126,VS180336,0.22522106476730944,0.4612724342170237,0.4882604033115609
613,VR200139,0.1228680420956143,0.25582048225464094,0.480290088630639
432,VS170003,0.13535095012125117,0.2822780164892191,0.4794951863579521
305,VK160134,0.04218677821431358,0.08997857759914457,0.46885357981825504
904,VK190120,0.16330545342771172,0.34907353058278107,0.4678253695004372
958,VS200011,0.3248841259224609,0.694851131290286,0.46755932500127856
418,VG200107,24.378754715737173,54.378948493578875,0.44831235967381466
996,VI200108,64.8836767034851,144.9519586571451,0.4476219383620367
694,VS200140,0.11675868784393414,0.2609201175650924,0.4474882540048145
751,VS190032,0.1624563062834526,0.36330726591834817,0.44715953002702674
726,VT200141,0.11241424876449266,0.26205565176505113,0.42897089991128634
761,VX180252,0.10071202404176911,0.23540029090527248,0.42783304835547836
278,VE200082,0.7561280801207818,1.7698019837993293,0.42723880244362755
954,VX170228,0.09196728822364285,0.21537661810978437,0.42700683588951227
423,VP160138,0.2298347158314544,0.5438265709861592,0.42262502072062946
293,VG200083,7.324537786946791,17.81839173467245,0.41106615546531733
179,VU200142,0.10793289045466722,0.26999779265233237,0.3997547142677903
459,VE200066,0.6971837175410862,1.7448544197446785,0.39956555094327234
1128,VJ160133,0.03697060661581161,0.0966174210820795,0.3826494870361312
176,VV200143,0.10464974143217046,0.27619335081023955,0.3789002925855038
30,VQ160139,0.2789783693706981,0.7438049969483314,0.3750692325478924
684,VK200071,0.03074617291947479,0.08225386057443351,0.37379610762040566
266,VS180037,0.10603955219654607,0.29338815833650084,0.36143092072217947
1037,VT180093,0.10479403807896459,0.29634173009776293,0.35362565388409223
348,VR160140,0.32893731540645865,0.9573469662916878,0.3435925813611832
509,VH200018,9.632123309006564,28.69166592944773,0.33571153841996404
565,VS160141,0.3839186724373355,1.1743407374456816,0.32692272369976727
240,VT160142,0.4409222260546075,1.391116398367266,0.3169556670973844
455,VU160143,0.4982956538647357,1.6040612406816035,0.3106462778522085
241,VV160144,0.5587447470236429,1.8062810396618847,0.3093343365483333
244,PK170008,1.0052474647667362,3.7270128645952174,0.26971934395936514
501,PK170007,1.0145992496812972,3.772803904303511,0.26892445921294184
104,VN200178,0.012105275909614412,0.04550267185687475,0.2660343978852638
346,VS200088,0.09673695729208491,0.3813952185738276,0.2536396697730475
57,UK190257,13.20275220698589,52.51913618588803,0.2513893633028467
963,UN190259,75.7417417310799,302.42828890470935,0.2504452940080119
489,UO190260,90.42702497339681,361.15154058667906,0.2503852671554468
338,UP190261,106.05245980725996,423.63998488393514,0.25033628456085233
408,UQ190262,122.44899956706958,489.2112528563648,0.25029882050366753
837,UR190263,141.10778368859292,563.83247374968,0.25026544276561014
584,US190264,162.47722629279122,649.294461588603,0.25023658125046166
1046,VN200070,0.06632798717301554,0.27885555262376505,0.23785786780622575
312,VN200089,0.05624685968346086,0.2469603700877582,0.22775662209881428
480,VX200165,0.07273665795474614,0.42447718388264477,0.1713558719209173
399,VS200164,-0.04724425828207989,0.2676846346923699,-0.17649223062942784
335,VN200163,-0.1053616818249441,0.16811855571311152,-0.6267106053702969
